publication_id,title,authors,year,journal,doi,pmid,pmcid,enrichment_status,publisher_url,pdf_url,notes
1,Neurocognitive functioning in women with HIV: a comparative study in a low/middle-income country,"Buckley J, Cassim H, Otwombe K, Hlongwane K, Yende-Zuma N, Joyce C, Leshabane G, Galvin L, Ramsammy CW, Brummel SS, Aizire J, Taha TE, Fowler MG, Violari, A, PROMOTE study team",2025,AIDS,10.1097/qad.0000000000004277,40549497,,full,https://doi.org/10.1097/qad.0000000000004277,,Manual retrieval required - no open-access source found
3,Bone mineral density changes in breastfeeding women living with HIV on antiretroviral therapy in Eastern and Southern Africa,"Matovu Kiweewa F, Stranix-Chibanda L, Yende-Zuma N, Dadabhai S, Owor M, Hanley S, Nyati M, Chinula L, Pettifor JM, Brummel SS, Aizire J, Taha TE, Brown TT, Fowler MG; Maternal Bone Health Study team",2025,AIDS,10.1097/QAD.0000000000004148,39918445,PMC12455725,full,https://doi.org/10.1097/qad.0000000000004148,https://pubmed.ncbi.nlm.nih.gov/39918445/,PMC available: PMC12455725; PDF URL available
14,Impact of Motivational Enhanced Adherence Counseling and Point-of-Care Viral Load Monitoring on Viral Load Outcome in Women on Life-Long ART: A Randomized Pilot Study,"Mutambanengwe-Jacob, M. T., Maponga, C. C., Amico, K. R., Ngara, B., Yende-Zuma, N., Chawana, T. D., Nematadzira, T., Gumbo, J. F., Goverayi, T., Matibe, P., Malunda, B. V., Aizire, J., Taha, T. E., Fowler, M. G., & Stranix-Chibanda, L",2022,AIDS Research and Treatment,10.1155/2022/488720,,,partial,,,Manual retrieval required - no open-access source found
21,"Molecular diagnosis, antimicrobial resistance profiles and disease patterns of gram-positive pathogens recovered from clinical infections in major ha’il hospitals","Kamaleldin B. Said, Ahmed Alsolami, Amany M. Khalifa, Nuha A. Khalil, Soha Moursi, Ehab Rakha, Abuzar Osma, Musleh Rashidi, Taha E. Taha, Abdelhafiz I. Bashir, Safia Mouss, Ahmed Al Jadani, Hatem Nagi, Prof. Mohammed Kuddus, Obaid M Alrashedi, Amar S. Alharbi, Abdulrahman Alraraj, Ruba M Elsaid",2022,Microbiology Research,10.3390/microbiolres13010004,,,full,https://doi.org/10.3390/microbiolres13010004,https://www.mdpi.com/2036-7481/13/1/4/pdf?version=1643126305,PDF URL available
27,Comparison of adverse birth outcome in HIV-infected and HIV-uninfected women delivering in high- and low-risk settings in the era of universal ART in Malawi: A registry study,"Rachel Chamanga Kanyenda, Chaplain Katumbi, Luis Gadama, Rachel Kawalazira, Dingase Dula, Bonus Makanani, Sufia Dadabhai and Taha E Taha",2021,Paediatrics and International Child Health,10.1080/20469047.2021.1874200,33881967,,full,https://doi.org/10.1080/20469047.2021.1874200,,Manual retrieval required - no open-access source found
28,Impact of antiretroviral therapy on maternal health after cessation of breastfeeding,"Sean S. Brummel, Taha E. Taha, Konstantia (Nadia) Angelidou, Friday Saidi, Patience Atuhaire, Dingase Dula, Dhayendre Moodley, Allen Matubu, Gift Chareka R, Neetal Nevrekar, Tichaona Vhembo, Lee Fairlie, Gerhard Theron, Pendo Mlay, Felistas Mbewe, Kathleen George, Michael Basar, Nahida Chakhtoura, Renee Browning, Mary Glenn Fowler & Judith S Currier, for the IMPAACT 1077BF/FF PROMISE Study Team",2021,JAIDS,10.1097/QAI.0000000000002586,33273210,PMC8143379,full,https://doi.org/10.1097/qai.0000000000002586,https://www.ncbi.nlm.nih.gov/pmc/articles/8143379,PMC available: PMC8143379; PDF URL available
31,Decreased growth among antiretroviral drug and HIV-exposed uninfected versus unexposed children in Malawi and Uganda,"Aizire J, All Sikorski, Lillian Wambuzi Ogwang, Rachel Kawalazira, Alex Mutebe, Itziar Familiar-Lopez, MacPherson Mallewa, Taha Taha, Michael J. Boivin, Mary Glenn Fowler, for the PROMISE-NEURODEV study team",2020,AIDS,10.1097/qad.0000000000002405,31634154,PMC7487261,full,https://doi.org/10.1097/qad.0000000000002405,https://www.ncbi.nlm.nih.gov/pmc/articles/7487261,PMC available: PMC7487261; PDF URL available
34,Risk Factors for Adverse Birth Outcomes in the PROMISE 1077BF Trial,"Sebikari D, Farhad M, Fenton T, Owor M, Stringer JSA, Qin M, Chaktoura N, Chi BH, Saidi F, Nevrekar N, Violari A, Chipato T, McIntyre JA, Moodley D, Taha TE, Theron G, Fowler MG",2019,JAIDS,10.1097/qai.0000000000002072,31295174,PMC6702964,full,https://doi.org/10.1097/qai.0000000000002072,https://www.ncbi.nlm.nih.gov/pmc/articles/6702964,PMC available: PMC6702964; PDF URL available
40,Response to “Antiretroviral therapy for pregnant women living with HIV or hepatitis B: a systematic review and meta-analysis”: Letter to the Editor,"Fowler MG, Mofenson LM, Flynn PM, Taha TE",2017,BMJ Open,,,,not_found,,,Not found in Crossref / PubMed
41,Antiretroviral Therapy for Perinatal HIV Prevention,"Fowler MG, Mofenson LM, Taha TE",2017,New England Journal of Medicine,10.1097/01.aoa.0000521253.11653.d9,,,full,https://doi.org/10.1097/01.aoa.0000521253.11653.d9,,Manual retrieval required - no open-access source found
42,Benefits and Risks of Antiretroviral Therapy for Perinatal HIV Prevention,"Fowler MG, Qin M, Fiscus SA, Currier JS, Flynn PM, Chipato T, McIntyre J, Gnanashanmugam D, Siberry GK, Coletti AS, Taha TE, Klingman KL, Martinson FE, Owor M, Violari A, Moodley D, Theron GB, Bhosale R, Bobat R, Chi BH, Strehlau R, Mlay P, Loftis AJ, Browning R, Fenton T, Purdue L, Basar M, Shapiro DE, Mofenson LM; the (IMPAACT) 1077BF/1077FF PROMISE Study Team",2016,New England Journal of Medicine,10.1097/01.aoa.0000521253.11653.d9,,,full,https://doi.org/10.1097/01.aoa.0000521253.11653.d9,,Manual retrieval required - no open-access source found
44,Climate change and potential impact on disease: What is the public health agenda? Saudi Journal of Medicine and Medical Sciences 2016; 4(2):71,Taha TE,2016,,,,,not_found,,,Not found in Crossref / PubMed
45,Use of a Vaginal Ring Containing Dapivirine for HIV-1 Prevention in Women,"Baeten JM, Palanee-Phillips T, Brown ER, Schwartz K, Soto-Torres LE, Govender V, Mgodi NM, Kiweewa FM, Nair G, Mhalanga F, Siva S, Bekker LG, Jeenarain N, Gaffoor Z, Martinson F, Makanani B, Pather A, Naidoo L, Husnik M, Richardson BA, Parikh UM, Mellors JW, Marzinke MA, Hendrix CW, van der Straten A, Ramjee G, Chirenje ZM, Nakabiito C, Taha, TE, Jones J, Mayo A, Scheckter R, Berthiaume J, Livant E, Jacobson C, Ndase P, White R, Patterson K, Germuga D, Galaska B, Bunge K, Singh D, Szydlo DW, Montgomery ET, Mensch BS, Torjesen K, Grossman CI, Chakhtoura N, Nel A, Rosenberg Z, McGowan I, Hillier S; MTN-20-ASPIRE Study Team",2016,New England Journal of Medicine,10.1097/01.ogx.0000489577.60775.40,,,partial,https://doi.org/10.1097/01.ogx.0000489577.60775.40,,Manual retrieval required - no open-access source found
47,Evaluation of postpartum HIV superinfection and mother-to child transmission,"Redd AD, Wendel SKJ, Longosz AF, Fogel JM, Dadabhai S, Kumwenda N, Sun J, Walker M, Bruno D, Martens C, Eshleman SH, Porcella SF, Quinn TC, Taha TE",2015,AIDS,10.1097/qad.0000000000000740,26244396,PMC4609898,full,https://doi.org/10.1097/qad.0000000000000740,,PMC available: PMC4609898
51,Pharmacokinetics and Safety of Tenofovir in HIV-infected Women during Labor and their Infants During the First Week of Life,"Mirochnick M, Taha T, Kreitchmann R, Nielsen-Saines K, Kumwenda N, Joao E, Pinto J, Santos B, Parsons T, Kearney B, Emel L, Herron C, Richardson P, Hudelson SE, Eshleman SH, George K, Fowler MG, Sato P, Mofenson L, HPTN 057 Protocol Team",2014,JAIDS,10.1097/qai.0b013e3182a921eb,23979002,PMC3912736,full,https://doi.org/10.1097/qai.0b013e3182a921eb,https://www.ncbi.nlm.nih.gov/pmc/articles/3912736,PMC available: PMC3912736; PDF URL available
56,Vitamin D Levels in Malawian Infants from birth to 24 months,"Amukele TK, Soko D, Katundu P, Kamamnga M, Sun J, Kumwenda NI, Taha TE",2013,"2013, Archives of Disease in Childhood",10.1136/archdischild-2012-302377,23220204,,full,https://doi.org/10.1136/archdischild-2012-302377,,Manual retrieval required - no open-access source found
57,Perspective of African-Based Research on HIV-1 Transmission through Breastfeeding: The Malawi Experience,Taha TE,2012,Chapter,10.1007/978-1-4614-2251-8_16,22454353,,partial,https://doi.org/10.1007/978-1-4614-2251-8_16,,Manual retrieval required - no open-access source found
63,High Pregnancy Intentions and Missed Opportunities for Patient-Provider Communication about Fertility in a South African Cohort of HIV- Positive Women on Antiretroviral Therapy,"Schwartz SR, Mehta SH, Taha TE, Rees HV, Venter F, Black V",2012,AIDS Behavior,10.1007/s10461-011-9981-3,21656145,,full,https://doi.org/10.1007/s10461-011-9981-3,,Manual retrieval required - no open-access source found
68,Post-Exposure Prophylaxis of Breastfeeding HIV-Exposed Infants with Antiretroviral Drugs to Age 14 Weeks: Updated Efficacy Results of the PEPI-Malawi Trial,"Taha TE, Li Q, Hoover DR, Mipando L, Nkanaunena K, Thigpen M, Taylor A, Kumwenda J, Fowler MG, Mofenson L, Kumwenda N",2011,Journal of Acquired Immune Deficiency Syndrome,10.1097/qai.0b013e318217877a,21423025,,full,https://doi.org/10.1097/qai.0b013e318217877a,,Manual retrieval required - no open-access source found
70,Coverage of Highly Active Antiretroviral Therapy (HAART) Among Postpartum Women in Malawi,"Kumwenda J, Matchere F, Mataya R, Chen S, Mipando L, Li Q, Kumwenda N, Taha TE",2011,International Journal of STD and AIDS,10.1258/ijsa.2011.010359,21729953,,full,https://doi.org/10.1258/ijsa.2011.010359,,Manual retrieval required - no open-access source found
73,Safety and effectiveness of BufferGel and 0.5% PRO2000 gel for the prevention of HIV infection in women,"Abdool Karim SS, Richardson BA, Ramjee G,Hoffman IF, Chirenje ZM, Taha T, Kapina M, Maslankowski L, Coletti A, Profy A, Moench TR, Piwowar-Manning E, Mâsse B, Hillier SL, Soto-Torres L; on behalf of the HIV Prevention Trials Network (HPTN) 035 Study Team",2011,AIDS,10.1097/qad.0b013e32834541d9,21330907,PMC3083640,full,https://doi.org/10.1097/qad.0b013e32834541d9,https://doi.org/10.7916/d8sn0kkc,PMC available: PMC3083640; PDF URL available
74,"Mother-to-child transmission of HIV-1 in sub-Saharan Africa: Past, present and future challenges",Taha TE,2011,Life Sciences,10.1016/j.lfs.2010.09.031,20933522,,full,https://doi.org/10.1016/j.lfs.2010.09.031,,Manual retrieval required - no open-access source found
77,The effect of Human Immunodeficiency Virus and Breastfeeding on the Nutritional Status of African Children,"Taha TE, Nour S, Li Q, Kumwenda N, Kafulafula G, Nkhoma C, Broadhead R",2010,The Pediatric Infectious Disease Journal,10.1097/inf.0b013e3181cda531,20054287,,full,https://doi.org/10.1097/inf.0b013e3181cda531,,Manual retrieval required - no open-access source found
78,Resumption of Sexual Activity and Regular Menses Postpartum Among HIV-1 Infected African Women,"Makanani B, Kumwenda J, Kumwenda N, Chen S, Tsui A, Taha TE",2010,International Journal of Gynecology and Obstetrics,10.1016/j.ijgo.2009.08.014,19782980,,full,https://doi.org/10.1016/j.ijgo.2009.08.014,,Manual retrieval required - no open-access source found
79,Frequency of Gastroenteritis-Associated Mortality with Early Weaning in HIV-I-Uninfected Children Born to HIV-Infected Women in Malawi,"Kafulafula G, Hoover DR, Taha TE, Thigpen M, Li Q, Fowler MG, Kumwenda NI, Nkanaunena K, Mipando L, Mofenson LM",2010,Journal of Acquired Immune Deficiency Syndrom,10.1097/qai.0b013e3181bd5a47,19844183,,full,https://doi.org/10.1097/qai.0b013e3181bd5a47,,Manual retrieval required - no open-access source found
81,Postnatal HIV-1 Transmission after Cessation of Extended Infant Antiretroviral Prophylaxis and Effect of Maternal HAART,"Taha TE, Kumwenda J, Cole SR, Hoover DR, Kafulafula G, Fowler MG, Thigpen MC, Li Q, Kumwenda NI, Mofenson L",2009,Journal of Infectious Disease,10.1086/644598,19832114,,full,https://doi.org/10.1086/644598,,Manual retrieval required - no open-access source found
83,Placental Malaria and Mother-To-Child Transmission of HIV-1,"Msamanga GI, Taha TE, Young AM, Brown ER, Hoffman IF, Read JS, Mudenda V, Goldenberg RL, Sharma U, Sinkala M, Fawzi WW",2009,American Journal of Tropical Medicine and Hygiene,10.4269/ajtmh.2009.80.508,,,full,https://doi.org/10.4269/ajtmh.2009.80.508,http://www.ajtmh.org/deliver/fulltext/14761645/80/4/508.pdf?itemId=%2Fcontent%2Fjournals%2F10.4269%2Fajtmh.2009.80.508&mimeType=pdf&containerItemId=content/journals/14761645,PDF URL available
84,Hypertension in Pregnancy among HIV-Infected Women in Sub-Saharan Africa: Prevalence and Infant Outcomes,"Kilewo C, Natchu UCM, Young A, Donnell D, Brown E, Read JS, Sharma U, Chi BH, Goldenberg R, Hoffman I, Taha TE, Fawzi WW",2009,African Journal of Reproductive Health,,,,not_found,,,Not found in Crossref / PubMed
85,Fertility intentions of HIV-1 infected and uninfected women in Malawi: a longitudinal study,"Taulo F, Berry M, Tsui A, Makanani B, Kafulafula G, Li Q, Nkhoma C, Kumwenda JJ, Kumwenda N, Taha TE",2009,AIDS Behavior,10.1007/s10461-009-9547-9,19308718,,full,https://doi.org/10.1007/s10461-009-9547-9,,Manual retrieval required - no open-access source found
87,Intrapartum Antibiotic Exposure and Early Neonatal Morbidity and Mortality in Africa,"Kafulafula G, Mwatha A, Chen YQ, Aboud S, Martinson F, Hoffman I, Fawzi W, Read JS, Valentine M, Kasonde M, Goldenberg R, Taha TE",2009,Pediatrics,10.1542/peds.2008-1873,19564260,PMC2764263,full,https://doi.org/10.1542/peds.2008-1873,https://www.ncbi.nlm.nih.gov/pmc/articles/2764263,PMC available: PMC2764263; PDF URL available
90,Antiretroviral Prophylaxis to Reduce Breast-Milk HIV-1 Transmission,"Taha TE, Kumwenda NI, Kafulafula G",2008,New England Journal of Medicine,10.1056/nejmoa0801941,18525035,,full,https://doi.org/10.1056/nejmoa0801941,https://www.nejm.org/doi/pdf/10.1056/NEJMoa0801941?articleTools=true,PDF URL available
93,Comparison of LigAmp and an ASPCR Assay for Detection and Quantification of K103-Containing HIV Variants,"Church JD, Towler WI, Hoover DR, Hudelson SE, Jones DC, Kumwenda N, Taha TE, Eshleman JR, Eshleman SH",2008,AIDS Research and Human Retroviruses,10.1089/aid.2007.0224,18370589,,full,https://doi.org/10.1089/aid.2007.0224,,Manual retrieval required - no open-access source found
94,"Morbidity and Mortality among a Cohort of Human Immunodeficiency Virus Type 1-infected and Uninfected Pregnant Women and Their Infants from Malawi, Zambia and Tanzania","Chilongozi D, Wang L, Brown L, Taha TE, Valentine M, Emel L, Sinkala M, Kafulafula G, Noor RA, Read JS, Brown ER, Goldenberg RL, Hoffman I",2008,"Accepted, Pediatric Infectious Disease Journal",10.1097/inf.0b013e31817109a4,18679152,PMC2739309,full,https://doi.org/10.1097/inf.0b013e31817109a4,https://www.ncbi.nlm.nih.gov/pmc/articles/2739309,PMC available: PMC2739309; PDF URL available
95,"The Role of Men in Women's Acceptance of an Intravaginal Gel in a Randomized Clinical Trial in Blantyre, Malawi: a Qualitative and Quantitative Analysis","Salter ML, Go VF, Celantano DD, Diener-West M, Nkhoma CM, Kumwenda N, Taha TE",2008,AIDS Care,10.1080/09540120701742300,18608053,,full,https://doi.org/10.1080/09540120701742300,,Manual retrieval required - no open-access source found
96,Extended Antiretroviral Prophylaxis to Reduce Breast-Milk HIV-1 Transmission,"Kumwenda NI, Hoover DR, Mofenson LM, Thigpen MC, Kafulafula G, Li Q, Mipando L, Nkanaunena K, Mebrahtu T, Butlerys M, Fowler MG, Taha TE",2008,New England Journal of Medicine,10.1056/nejmoa0801941,18525035,,full,https://doi.org/10.1056/nejmoa0801941,https://www.nejm.org/doi/pdf/10.1056/NEJMoa0801941?articleTools=true,PDF URL available
97,HIV-1 Incidence among Women of Reproductive Age in Malawi,"Kumwenda NI, Kumwenda J, Kafulafula G, Makanani B, Taulo F, Nkhoma C, Qi L, Taha TE",2008,International Journal of STD & AIDS,10.1258/ijsa.2007.007165,18482966,,full,https://doi.org/10.1258/ijsa.2007.007165,,Manual retrieval required - no open-access source found
99,Natural History and Risk Factors Associated with Early and Established HIV-1 Infection among Reproductive Age Women in Malawi,"Kumwenda JJ, Makanani B, Taulo F, Nkhoma C, Kafulafula G, Li Q, Kumwenda N, Taha TE",2008,Clinical Infectious Diseases,10.1086/588478,18462100,,full,https://doi.org/10.1086/588478,https://academic.oup.com/cid/article-pdf/46/12/1913/849421/46-12-1913.pdf,PDF URL available
100,The role of transplacental microtransfusions maternal lymphocytes in HIV transmission to newborns,"Biggar RJ, Lee TH, Wen L, Broadhead N, Taha TE, Busch MP",2008,AIDS,10.1097/qad.0b013e328314e36b,18981764,PMC3509793,full,https://doi.org/10.1097/qad.0b013e328314e36b,https://www.ncbi.nlm.nih.gov/pmc/articles/3509793,PMC available: PMC3509793; PDF URL available
102,HIV Seroreversion Time in HIV-1. Uninfected Children Born to HIV-1 Infected Mothers in Malawi,"Gulia J, Kumwenda N, Li Q, Taha TE",2007,Journal of Acquired Immune Deficiency Syndrome,10.1097/qai.0b013e3181576860,17786126,,full,https://doi.org/10.1097/qai.0b013e3181576860,,Manual retrieval required - no open-access source found
103,"HIV-1 type 1 Variants with Nevirapine Resistance Mutations are Rarely Detected in Antiretroviral Drug Naïve African Women with Subtypes A, C and D","Church JD, Hudelson SE, Guay LA, Chen S, Hoover DR, Parkin N, Fiscus SA, Mmiro F, Musoke P, Kumwenda N, Jackson JB, Taha TE, Eshelman SH",2007,AIDS Res Human Retroviruses,10.1089/aid.2006.0272,17604538,,full,https://doi.org/10.1089/aid.2006.0272,,Manual retrieval required - no open-access source found
104,Human Papillomavirus Seroprevalence among Young Male and Female Drug Users,"Plitt SS, Sherman SG, Viscidi RP, Strathdee SA, Fuller CM, Taha T",2007,Sexually Transmitted Diseases,10.1097/01.olq.0000258309.42765.ac,17847165,,full,https://doi.org/10.1097/01.olq.0000258309.42765.ac,,Manual retrieval required - no open-access source found
105,Late Postnantal Transmission of HIV-1 and Associated Factors,"Taha TE, Hoover DR, Kumwenda NI, Fiscus SA, Kafulafula G, Nkhoma C, Chen S, Piwower E, Broadhead RL, Brooks Jackson J, Miotti PG",2007,Journal of Infectious Disease,10.1086/518511,17538877,,full,https://doi.org/10.1086/518511,https://academic.oup.com/jid/article-pdf/196/1/10/18014248/196-1-10.pdf,PDF URL available
106,Predictors of Stillbirth in Sub-Saharan Africa,"Chi BH, Wang L, Read JS, Sheriff M, Taha TE, Sinkala M, Brown ER, Valentine M, Martinson F, Goldenberg RL",2007,American Journal of Obstetrics and Gynecology,10.1097/01.aog.0000281667.35113.a5,17978109,,full,https://doi.org/10.1097/01.aog.0000281667.35113.a5,,Manual retrieval required - no open-access source found
107,Micronutrient supplements and mortality if HIV-infected adults with pulmonary TB: a controlled clinical trial,"Semba RD, Kumwenda J, Zijlstra E, Ricks MO, van Lettow M, Whalen C, Clark TD, Jorgenson L, Kohler J, Kumwenda N, Taha TE, Harris AD",2007,Int J Tuberc Lung Dis,,,,not_found,,,Not found in Crossref / PubMed
108,Fetal fibronectin and adverse infant outcomes in a predominantly human immunodeficiency virus-infected African population: a randomized controlled trial,"Goldenberg RL, Andrews WW, Hoffman I, Fawzi W, Valentine M, Young A, Read JS, Brown ER, Mudenda V, Kafulafula G, Mwinga K, Taha TE",2007,Obstetrics and Gynecology,10.1097/01.aog.0000247628.68415.00,17267841,,full,https://doi.org/10.1097/01.aog.0000247628.68415.00,,Manual retrieval required - no open-access source found
110,"Comparison of HIV-1 mother-to-child transmission after single dose nevirapine prophylaxis among African women with subtypes A, C, and D","Eshleman SH, Church JD, Chen S, Guay LA, Mwatha A, Fiscus SA, Mmiro F, Musoke P, Kumwenda N, Jackson JB, Taha TE, Hoover DR",2006,JAIDS,10.1097/01.qai.0000221676.22069.b8,16810119,,partial,https://doi.org/10.1097/01.qai.0000221676.22069.b8,,Manual retrieval required - no open-access source found
111,Association of HIV-1 replication capacity (RC) with HIV-1 mother-to-child transmission among antiretroviral drug naïve Malawian women,"Eshleman SH, Lie Y, Hoover Dr, Chen S, Hudelson SE, Fiscus SA, Petropoulos CJ, Kumwenda N, Parkin N, Taha TE",2006,Journal of Infectious Diseases,10.1086/503810,16652278,,full,https://doi.org/10.1086/503810,https://academic.oup.com/jid/article-pdf/193/11/1512/2632743/193-11-1512.pdf,PDF URL available
112,"Quantitative analysis of HIV-1 variants with the K103N resistance mutation after single dose nevirapine in women with HIV-1 subtypes A, C and D","Flys TS, Jones DC, Chen S, Hoover DR, Church JD, Fiscus SA, Mwatha A, Guay LA, Mmiro F, Musoke P, Kumwenda N, Taha TE, Jackson JB, Eshleman SH",2006,JAIDS,10.1097/01.qai.0000221686.67810.20,16773030,,full,https://doi.org/10.1097/01.qai.0000221686.67810.20,,Manual retrieval required - no open-access source found
114,Effect of antibiotic treatment of subclinical mastitis in Human Immunodeficiency Virus Type 1 RNA in human milk,"Nussenblatt V, Kumwenda N, Lema V, Quinn T, Neville MC, Broadhead R, Taha TE, Semba RD",2006,J Trop Pediatr,10.1093/tropej/fml011,16595526,,full,https://doi.org/10.1093/tropej/fml011,https://academic.oup.com/tropej/article-pdf/52/5/311/4705238/fml011.pdf,PDF URL available
115,HIV incidence among women of reproductive age in Malawi and Zimbabwe (HIVNET/ HPTN 016),"Kumwenda N, Hoffman I, Chirenje M, Kelly C, Coletti A, Ristow A, Martinson F, Brown J, Chilongozi D, Richardson B, Rosenberg Z, Padian N, Taha T",2006,Sexually Transmitted Diseases,10.1097/01.olq.0000223283.27142.9f,16773032,,full,https://doi.org/10.1097/01.olq.0000223283.27142.9f,,Manual retrieval required - no open-access source found
117,A phase III clinical trial of antibiotics to reduce chorioamniontis-related perinatal HIV-1 transmission,"Taha TE, Brown ER, Hoffman I, Fawzi W, Read JS, Sinkala M, Martinson F, Kafulafula G, Masamanga G, Valentine M, Emel L, Mwatha A, Adeniyi-Jones S, Goldenberg R",2006,AIDS,10.1097/01.aids.0000232240.05545.08,16816561,,full,https://doi.org/10.1097/01.aids.0000232240.05545.08,,Manual retrieval required - no open-access source found
118,Higher HIV infection risk in girls than boys infected in utero or perinatally,"Biggar RJ, Taha TE, Hoover D, Kumwenda N, Broadhead R",2006,Journal of Acquired Immune Deficiency Syndromes,10.1097/01.qai.0000191283.85578.46,16652061,,full,https://doi.org/10.1097/01.qai.0000191283.85578.46,,Manual retrieval required - no open-access source found
119,"HPTN 024 study: Histologic chorioamnionitis, antibiotics and adverse infant outcomes in a predominantly HIV-1-infected African population","Goldenberg RL, Mudenda V, Read JS, Brown ER, Sinkala M, Kamiza S, Martinson F, Kaaya E, Hoffman I, Fawzi W, Valentine M, Taha TE and the HPTN 024 Study Team",2006,American Journal of Obstetrics and Gynecology,10.1016/j.ajog.2006.05.046,16875654,,full,https://doi.org/10.1016/j.ajog.2006.05.046,,Manual retrieval required - no open-access source found
120,The HPTN 024 study: the efficacy of antibiotics to prevent chorioamnionitis and preterm birth,"Goldenberg RL, Mwatha A, Read JS, Adeniyi-Jones S, Sinkala M, Masamanga G, Martinson F, Hoffman I, Fawzi W, Valentine M, Emel L, Brown E, Mudenda V, Taha TE and the HPTN 024 Team",2006,American Journal of Obstetrics and Gynecology,10.1016/j.ajog.2006.01.004,16522393,,full,https://doi.org/10.1016/j.ajog.2006.01.004,,Manual retrieval required - no open-access source found
121,Development of nevirapine resistence is reduced by using infant-only nevirapine plus zidovudine post-exposure prophylaxis to prevent HIV-1 mother-to-child transmission,"Eshleman SH, Hoover DR, Hudelson SE, Chen S, Fiscus SA, Piwowar-Manning E, Jackson JB, Kumwenda NI, Taha TE",2006,Journal of Infectious Diseases,,,,not_found,,,Not found in Crossref / PubMed
122,"Status of carotenoid, vitamin A and vitamin E status in the mother-infant dyad and infant growth in Malawi","Dancheck B, Nussenblatt V, Kumwenda N, Lema V, Neville MC, Broadhead R, Taha TE, Ricks MO, Semba RD",2005,"Journal of Health, Population and Nutrition",,,,not_found,,,Not found in Crossref / PubMed
123,Resistance after single dose nevirapine prophylaxis emerges in a high portion of Malawian newborns,"Eshleman SH, Hoover DR, Chen S, Hudelson SE, Guay LA, Mwatha A, Fiscus SA, Mmiro F, Musoke P, Jackson JB, Kumwenda N, Taha T",2005,AIDS,10.1097/01.aids.0000194800.43799.94,16284468,,full,https://doi.org/10.1097/01.aids.0000194800.43799.94,,Manual retrieval required - no open-access source found
124,Viral dynamics and CD4+ T cell counts in subtype C human immunodeficiency virus type 1-infected individuals from southern Africa,"Gray CM, Williamson C, Bredell H, Puren A, Xia X, Filter R, Zijenah L, Cao H, Morris L, Vardas E, Colvin M, Gray G, McIntyre J, Musonda R, Allen S, Katzenstein D, Mbizo M, Kumwenda N, Taha T, Karim SA, Flores J, Sheppard HW",2005,AIDS Res Hum Retroviruses,10.1089/aid.2005.21.285,15943570,,full,https://doi.org/10.1089/aid.2005.21.285,,Manual retrieval required - no open-access source found
125,"Affordable, abbreviated Roche monitor HIV-1RNA viral load assay","Fiscus SA, Chen S, Hoover D, Kerkau MG, Alabanza P, Siharath S, Schmitz J, Kumwenda N, Taha TE",2005,Journal of Clinical Microbiology,,,,not_found,,,Not found in Crossref / PubMed
126,Timing of maternal and neonatal dosing of nevirapine and the risk of mother-to-child transmission of HIV-1: HIVNET 024,"Chi BH, Wang L, Read JS, Sheriff M, Fiscus S, Brown ER, Taha TE, Valentine M, Goldenberg R",2005,AIDS,10.1097/01.aids.0000189863.82429.2f,16227794,,full,https://doi.org/10.1097/01.aids.0000189863.82429.2f,,Manual retrieval required - no open-access source found
127,"Prevalence and correlates of Chlamydia trachomatis, Neisseria gonorrhoeae, Trichomonas vaginalis infections, and bacterial vaginosis among a Cohort of young Injection Drug Users in Baltimore, Maryland","Plitt SS, Garfein RS, Gaydos CA, Strathdee S, Sherman SG, Taha TE",2005,Sexually Transmitted Diseases,10.1097/01.olq.0000154567.21291.59,15976603,,full,https://doi.org/10.1097/01.olq.0000154567.21291.59,,Manual retrieval required - no open-access source found
128,Nevirapine (NVP) resistance in women with subtype C compared to subtypes A and D after single dose NVP,"Eshleman SH, Hoover DR, Chen S, Hudelson SE, Guay LA, Mwatha A, Mmiro F, Musoke P, Jackson JB, Kumwenda N, Taha T",2005,Journal of Infectious Diseases,10.1086/430764,15942891,,full,https://doi.org/10.1086/430764,,Manual retrieval required - no open-access source found
129,"Safety, acceptability and potential efficacy of a topical penile microbicide wipe","Taha TE, Kumwenda N, Mwakomba A, Mwenda R, Kawonga H, Nyasulo P, Soko D, Chen S, Hoover D, Kafulafula G",2005,Journal of Acquired Immune Deficiency Syndromes,10.1097/01.qai.0000148080.61202.70,15980697,,full,https://doi.org/10.1097/01.qai.0000148080.61202.70,,Manual retrieval required - no open-access source found
130,Epidemiology and microbiology of subclinical mastitis among human immunodeficiency virus-infected women in Malawi,"Nussenblatt V, Lema V, Kumwenda N, Broadhead R, Neville MC, Taha TE, Semba RD",2005,International Journal of STD & AIDS,10.1258/0956462053420248,15829023,,full,https://doi.org/10.1258/0956462053420248,,Manual retrieval required - no open-access source found
132,Systemic inflammation is associated with lower plasma nut not lower breast milk retinol concentration among breastfeeding women in Malawi,"Dancheck B, Nussenblatt V, Ricks MO, Kumwenda N, Neville MC, Moncreif DT, Taha TE, Semba RD",2005,Journal of Nutrition,10.1093/jn/135.2.223,15671217,,full,https://doi.org/10.1093/jn/135.2.223,,Manual retrieval required - no open-access source found
133,Gender differences in perinatal HIV acquisition among African infants,"Taha TE, Nour S, Kumwenda NI, Broadhead RL, Fiscus SA, Kafulafula G, Nkhoma C, Chen S, Hoover DR",2005,Pediatrics,10.1542/peds.2004-1590,15687425,,full,https://doi.org/10.1542/peds.2004-1590,,Manual retrieval required - no open-access source found
134,Nonoxynol-9 100mg Gel: Multi-site Safety Study from Sub-Saharan Africa,"Hoffman IF, Taha TE, Padian N, Kelly C, Welch JD, Matinson FEA, Kumwenda N, Mutevedzi T, Rosenberg ZF, Chilangozi DA, Gibbons A, Brown J, Chirenje M, Richardson BA",2004,AIDS,,,,not_found,,,Not found in Crossref / PubMed
135,Hematological changes among children who received short-term prophylaxis with nevirapine and zidovudine at birth,"Taha TE, Kumwenda N, Kafulafula G, Kumwenda J, Chitale, R, Nkhoma C, Katundu P, Mukiibi J, Miotti P, Hoover D, Broadhead R",2004,Annals of Tropical Paediatrics,10.1179/027249304225019127,15720887,,full,https://doi.org/10.1179/027249304225019127,,Manual retrieval required - no open-access source found
136,Malnutrition and the Severity of Lung Disease in Adults with Pulmonary Tuberculosis in Malawi,"Van Lettow M, Kumwenda JJ, Harries AD, Whalen CC, Taha TE, Kumwenda N, Kang’ombe C, Semba R",2004,Int J Tuberculosis and Lung Disease,,,,not_found,,,Not found in Crossref / PubMed
137,Novel and promiscuous CTL epitopes in conserved regions of Gag targeted by individuals with early subtype C HIV type 1 infection from Southern Africa,"Masemola AM, Mashishi TN, Khoury G, Bredell H, Paximadus M, Mathebula T, Barkhan D, Puren A, Vardas E, Colvin M, Zijenah L, Katzenstein D, Musonda R, Allen S, Kumwenda N, Taha T, Gray G, McIntyre J, Karim SA, Sheppard HW, Gray CM, HIVNET 028 Study Team",2004,Journal of Immunology,10.4049/jimmunol.173.7.4607,15383595,,full,https://doi.org/10.4049/jimmunol.173.7.4607,https://journals.aai.org/jimmunol/article-pdf/173/7/4607/1188687/4607.pdf,PDF URL available
138,Nevirapine and zidovudine at birth to reduce transmission of HIV from mother to infant in an African setting: randomized clinical trial,"Taha TE, Kumwenda NI, Hoover DR, Fiscus SA, Kafulafula G, Nkhoma C, Nour S, Chen S, Liomba G, Miotti PG, Broadhead RL",2004,Journal of the American Medical Association,10.1001/jama.292.2.202,15249569,,full,https://doi.org/10.1001/jama.292.2.202,,Manual retrieval required - no open-access source found
141,Use of antiretroviral drugs to prevent HIV-1 transmission through breastfeeding: from animal studies to randomized clinical trials,"Gaillard P, Fowler MG, Dabis F, Coovadia H, Van der Horst C, van Rompay K, Taha TE, Thomas T, De Vincenzi I",2004,Journal of Acquired Immune Deficiency Syndromes,10.1097/00126334-200402010-00013,14722452,,full,https://doi.org/10.1097/00126334-200402010-00013,,Manual retrieval required - no open-access source found
142,Use of a Short Post-Exposure Prophylaxis to the Newborn-only to Reduce Transmission of HIV from Mother to Infant: The NVAZ Randomized Clinical Trial,"Taha TE, Kumwenda N, Gibbons A, Broadhead RL, Fiscus S, Lema V, Liomba G, Nkhoma C, Miotti PG, Hoover DR",2003,Lancet,,,,not_found,,,Not found in Crossref / PubMed
143,Response to “Unexplained high HIV-1 incidence in a cohort of Malawi men”: Letter to the Editor,"Kumwenda N, Taha TE, Celentano DD",2003,Sexually Transmitted Diseases,10.1097/00007435-200302000-00018,,,partial,https://doi.org/10.1097/00007435-200302000-00018,,Manual retrieval required - no open-access source found
144,The risk of infection in twin pairs born to HIV-1 infected mothers in Africa,"Biggar RJ, Cassol S, Kumwenda N, Lema Valentino, Janes M, Senzani V, Yellin F, Taha TE, Broadhead R",2003,Journal of Infectious Diseases,10.1086/377584,12964116,,full,https://doi.org/10.1086/377584,,Manual retrieval required - no open-access source found
145,"HIV-1 prevalence and herpes simplex virus 2, hepatitis C virus and hepatitis B virus infections among male workers at a Sugar Estate in Malawi","Sutcliffe S, Taha TE, Kumwenda N, Taylor E, Liomba GN",2002,Journal of Acquired Immune Deficiency Syndromes,10.1097/00126334-200209010-00012,12352155,,full,https://doi.org/10.1097/00126334-200209010-00012,,Manual retrieval required - no open-access source found
146,Antenatal vitamin A supplementation increases birth weight and decreases anemia among infants born to human immunodeficiency virus-infected women in Malawi,"Kumwenda N, Miotti PG, Taha TE, Broadhead R, Biggar RJ, Jackson B, Melikian G, Semba R",2002,Clinical Infectious Diseases,10.1086/342297,12173139,,full,https://doi.org/10.1086/342297,https://academic.oup.com/cid/article-pdf/35/5/618/1223175/35-5-618.pdf,PDF URL available
147,Three surveys of HIV-1prevalence and risk factors among men working at a Sugar Estate in Malawi,"Kumwenda NI, Taha TE, Hoover D, Markakis D, Liomba NG, Chiphangwi JD, Celentano DD",2002,Sexually Transmitted Diseases,10.1097/00007435-200206000-00010,12035028,,full,https://doi.org/10.1097/00007435-200206000-00010,,Manual retrieval required - no open-access source found
148,Effect of HIV-1 antiretroviral prophylaxis on hepatic and hematological parameters of African infants,"Taha TE, Kumwenda N, Gibbons A, Hoover D, Lema V, Fiscus S, Mukiibi J, Liomba G, Broadhead R",2002,AIDS,10.1097/00002030-200204120-00004,11919486,,full,https://doi.org/10.1097/00002030-200204120-00004,,Manual retrieval required - no open-access source found
149,Human immunodeficiency virus type 1 infection in twin pairs infected at birth,"Biggar RJ, Janes M, Pilon R, Roy R, Broadhead R, Kumwenda N, Taha TE, Cassol S",2002,Journal of Infectious Diseases,10.1086/341453,12134267,,full,https://doi.org/10.1086/341453,https://academic.oup.com/jid/article-pdf/186/2/281/18007486/186-2-281.pdf,PDF URL available
150,Viral levels in newborn African infants undergoing primary HIV-1 infection,"Biggar RJ, Kumwenda N, Broadhead R, Taha TE, Cormier M, Cassol S",2001,AIDS,10.1097/00002030-200107060-00015,11426078,,full,https://doi.org/10.1097/00002030-200107060-00015,,Manual retrieval required - no open-access source found
151,HIV Incidence Among Male Workers at a Sugar Estate in Rural Malawi,"Kumwenda NI, Taha TE, Hoover D, Markakis D, Liomba NG, Chiphangwi JD, Celentano DD",2001,Journal Acquired Immune Deficiency Syndromes and Human Retrovirology,10.1097/00042560-200106010-00016,,,partial,https://doi.org/10.1097/00042560-200106010-00016,,Manual retrieval required - no open-access source found
152,Impact of vitamin A supplementation on anaemia and plasma erythropoietin concentrations in pregnant women: a controlled clinical trial,"Semba RD, Kumwenda N, Taha TE, Mtimavalye L, Broadhead R, Garrett E, Miotti PG, Chiphangwi JD",2001,European Journal of Haematology,10.1034/j.1600-0609.2001.066006389.x,11488938,,full,https://doi.org/10.1034/j.1600-0609.2001.066006389.x,,Manual retrieval required - no open-access source found
153,Iron status and indicators of human immunodeficiency deficiency disease severity among pregnant women in Malawi,"Semba RD, Taha TE, Kumwenda N, Mtimavalye L, Broadhead R, Miotti PG, Chiphangwi JD",2001,Clinical Infectious Diseases,10.1086/320167,11317253,,full,https://doi.org/10.1086/320167,https://academic.oup.com/cid/article-pdf/32/10/1496/1267464/32-10-1496.pdf,PDF URL available
154,Phase 1 trial of the topical microbicide BufferGel: safety results from four international sites,"Van de Wijgert J, Fullem A, Kelly C, Mehendale S, Rugpao S, Kumwenda N, Chirenje Z, Joshi S, Taha T, Padian N, Bollinger R, Nelson K",2001,Journal Acquired Immune Deficiency Syndromes and Human Retrovirology,10.1097/00042560-200101010-00003,,,partial,https://doi.org/10.1097/00042560-200101010-00003,,Manual retrieval required - no open-access source found
155,Risk of HIV transmission through breastfeeding,"Miotti PG, Taha TET, Kumwenda NI, Van der Hoeven L, Broadhead R, Mtimavalye LAR, Chiphangwi JD, Liomba G, Biggar RJ",2000,JAMA,10.1001/jama.283.8.999-a,,,partial,https://doi.org/10.1001/jama.283.8.999-a,,Manual retrieval required - no open-access source found
156,Erythropoietin response to anemia among human immunodeficiency virus-infected infants in Malawi,"Semba RD, Broadhead R, Taha TE, Kumwenda Totin D, Ricks MO, Kumwenda N",2001,Haematologica,,,,not_found,,,Not found in Crossref / PubMed
157,Assessment of iron status using plasma transferrin receptor in pregnant women with and without human immunodeficiency virus infection in Malawi,"Semba RD, Kumwenda NI, Hoover DR, Taha TE, Lan Y, Mtimavalye L, Broadhead R, Eisinger W, Miotti P, Chiphangwi JD",2000,European Journal of Clinical Nutrition,10.1038/sj.ejcn.1601106,11114684,,full,https://doi.org/10.1038/sj.ejcn.1601106,,Manual retrieval required - no open-access source found
158,Plasma and breast milk vitamin A as indicators of vitamin A status in pregnant women,"Semba RD, Kumwenda N, Taha TE, Mtimavalye L, Broadhead R, Miotti P, Eisinger W, Hoover D, Chiphagwi JD",2000,International Journal for Vitamins and Nutrition Research,10.1024/0300-9831.70.6.271,11214351,,full,https://doi.org/10.1024/0300-9831.70.6.271,,Manual retrieval required - no open-access source found
159,Genital tract infections and perinatal transmission of HIV,"Taha TE, Gray RH",2000,Annals New York Academy of Sciences,10.1111/j.1749-6632.2000.tb05477.x,11131738,,full,https://doi.org/10.1111/j.1749-6632.2000.tb05477.x,,Manual retrieval required - no open-access source found
160,Morbidity among HIV-1 infected and uninfected African children,"Taha TE, Graham SM, Kumwenda NI, Broadhead RL, Hoover DR, Markakis D, Ven der Hoeven L, Liomba GN, Chiphangwi JD, Miotti PG",2000,Pediatrics,10.1542/peds.106.6.e77,11099620,,full,https://doi.org/10.1542/peds.106.6.e77,,Manual retrieval required - no open-access source found
161,Association of HIV-1 load and CD4+ lymphocyte with mortality in untreated African children older than one year,"Taha, TE, Kumwenda NI, Hoover DR, Biggar RJ, Broadhead RL, Cassol S, Ven der Hoeven L, Markakis D, Liomba GN, Chiphangwi JD, Miotti PG",2000,AIDS,10.1097/00002030-200003100-00021,10770550,,full,https://doi.org/10.1097/00002030-200003100-00021,,Manual retrieval required - no open-access source found
163,Mastitis and immunological factors in breastmilk of human immunodeficiency virus-infected women,"Semba RD, Kumwenda N, Taha TE, Hoover DR, Quinn TC, Yin Lan, Mtimavalye L, Broadhead R, Miotti PG, Ven der Hoeven L, Chiphangwi JD",1999,Journal of Human Lactation,10.1177/089033449901500407,10776180,,full,https://doi.org/10.1177/089033449901500407,,Manual retrieval required - no open-access source found
164,Virus levels in untreated African infants infected with human immunodeficiency virus type-1,"Biggar RJ, Janes M, Pilon R, Miotti P, Taha TET, Broadhead R, Mtimavalye L, Kumwenda N, Cassol S",1999,Journal of Infectious Diseases,10.1086/315122,10558939,,full,https://doi.org/10.1086/315122,,Manual retrieval required - no open-access source found
165,Predictors and impact of losses to follow-up in a HIV-1 perinatal transmission cohort in Malawi,"Ioaninidis JPA, Taha TE, Kumwenda N, Broadhead R, Mtimavalye L, Miotti P, Yellin F, Contoploulos-Ioannidis DG, Biggar RJ",1999,International Journal of Epidemiology,10.1093/ije/28.4.769,10480709,,full,https://doi.org/10.1093/ije/28.4.769,,Manual retrieval required - no open-access source found
166,HIV transmission from breastfeeding: a study from Malawi,"Miotti PG, Taha TE, Kumwenda NI, Broadhead R, Mtimavalye LAR, Ven der Hoeven L, Chiphangwi JD, Liomba G, Biggar RJ",1999,Journal of the American Medical Association,10.1097/00006254-200003000-00011,,,partial,https://doi.org/10.1097/00006254-200003000-00011,,Manual retrieval required - no open-access source found
167,Mortality after the first year of life among HIV infected and uninfected children,"Taha TE, Kumwenda NI, Broadhead RL, Hoover DR, Graham SM, Ven der Hoeven L, Markakis D, Liomba GN, Chiphangwi JD, Miotti PG",1999,Pedeatric Infectious Diseases Journal,10.1097/00006454-199908000-00007,10462337,,full,https://doi.org/10.1097/00006454-199908000-00007,,Manual retrieval required - no open-access source found
168,Plasma carotenoid concentrations in pregnant women with and without human immunodeficiency virus infection in Malawi,"Lan Y, Kumwenda N, Taha TE, Chiphangwi JD, Miotti P, Mtimavalye L, Justesen A, Broadhead R, Ven der Hoeven L, Hoover DR, Semba RD",1999,East African Medical Journal,,,,not_found,,,Not found in Crossref / PubMed
169,"Human immunodeficiency viral load in breastmilk, mastitis, and mother-to-child transmission of human immunodeficiency virus type 1","Semba RD, Kumwenda N, Hoover DR, Taha TE, Quinn TC, Mtimavalye L, Biggar RJ, Broadhead R, Miotti PG, Skoll L, Ven der Hoeven L, Chiphangwi JD",1999,Journal of Infectious Diseases,10.1086/314854,10353866,,full,https://doi.org/10.1086/314854,https://academic.oup.com/jid/article-pdf/180/1/93/17994605/180-1-93.pdf,PDF URL available
170,The effect of P. Falciparum malaria on HIV-1 RNA blood plasma concentration,"Hoffman IF, Jere C, Taylor T, Munthali P, Dyer J, Wirima JJ, Rogerson S, Kumwenda N, Fiscus S, Eron J, Chakraborty H, Taha TE, Molyneux M, Cohen MS",1999,AIDS,10.1097/00002030-199903110-00007,10197377,,full,https://doi.org/10.1097/00002030-199903110-00007,,Manual retrieval required - no open-access source found
171,HIV infection and disturbances of vaginal flora during pregnancy,"Taha TE, Gray RH, Kumwenda NI, Hoover DR, Mtimavalye LAR, Liomba GN, Chiphangwi JD, Dallabetta GA, Miotti PG",1999,Journal Acquired Immune Deficiency Syndromes and Human Retrovirology,10.1097/00042560-199901010-00008,9928730,,full,https://doi.org/10.1097/00042560-199901010-00008,,Manual retrieval required - no open-access source found
172,Bacterial vaginosis and disturbances of vaginal flora: association with increased acquisition of HIV,"Taha TE, Hoover DR, Dallabetta GA, Kumwenda NI, Mtimavalye LAR, Ping Yang L-P, Liomba GN, Broadhead RL, Chiphangwi JD, Miotti PG",1998,AIDS,10.1097/00002030-199813000-00019,9764791,,full,https://doi.org/10.1097/00002030-199813000-00019,,Manual retrieval required - no open-access source found
173,Trends of HIV-1 and sexually transmitted diseases among pregnant and postpartum women in urban Malawi,"Taha TE, Dallabetta GA, Hoover DR, Chiphangwi, J.D., Mtimavalye, L.A.R., Liomba, G., Kumwenda, N.I., Miotti, P.G",1998,AIDS,10.1097/00002030-199802000-00010,9468369,,full,https://doi.org/10.1097/00002030-199802000-00010,,Manual retrieval required - no open-access source found
175,Blood collection on filter paper: a practical approach to sample collection for large epidemiologic studies,"Biggar RJ, Miles W, Miotti PG, Taha TE, Butcher A, Spadero J, Waters D",1997,Journal Acquired Immune Deficiency Syndrome and Human Retrovirology,,,,not_found,,,Not found in Crossref / PubMed
176,"Does umbilical cord blood polymerase positivity indicate in-utero (pre-labor) HIV infection? AIDS 1997, 11:1375-1382","Biggar RJ, Mtimavalye L, Justesen A, Broadhead RL, Miley W, Waters D, Goedert JJ, Chiphangwi JD, Taha TE, Miotti PG",1997,AIDS,10.1097/00002030-199711000-00012,9302448,,full,https://doi.org/10.1097/00002030-199711000-00012,,Manual retrieval required - no open-access source found
177,Perinatal intervention trial in Africa: effect of a birth canal cleansing intervention to prevent HIV transmission,"Biggar RJ, Miotti PG, Taha TE, Mtimavalye LA, Broadhead RL, Justesen A, Liomba G, Yellin F, Miley W, Waters D, Chiphangwi JD, Goedert JJ",1996,Lancet,10.1016/s0140-6736(96)91486-5,8642957,,full,https://doi.org/10.1016/s0140-6736(96)91486-5,https://doi.org/10.1016/s0140-6736(96)91486-5,PDF URL available
178,Lack of association between reported condom use and rates of sexually transmitted diseases in Malawi,"Taha TE, Canner JK, Chiphangwi JD, Dallabetta GA, Yang L, Mtimavalye LAR, Miotti PG",1996,AIDS,,,,not_found,,,Not found in Crossref / PubMed
179,HIV maternal death and child survival in Africa,"Taha TE, Miotti PG, Liomba G, Dallabetta GA, Chiphangwi JD",1996,AIDS,10.1097/00002030-199601000-00021,8924243,,partial,https://doi.org/10.1097/00002030-199601000-00021,,Manual retrieval required - no open-access source found
180,Comparison of reported and confirmed malaria during pregnancy: findings from hospital and community studies in Sudan,Taha TE,1996,East African Medical Journal,,,,not_found,,,Not found in Crossref / PubMed
181,Longitudinal growth during the first 2 years of life in children born to HIV-infected mothers in Malawi,"Henderson R, Miotti, PG, Saavedra J, Dallabetta G, Chiphangwi J, Liomba G, Taha TE, Yolken RH",1996,Pediatric AIDS and HIV infection,,,,not_found,,,Not found in Crossref / PubMed
182,The effect of human immunodeficiency virus infection on birthweight and infant and child mortality in Malawi,"Taha TE, Dallabetta GA, Canner JK, Chiphangwi JD, Liomba G, Hoover DR, Miotti PG",1995,International Journal of Epidemiology,10.1093/ije/24.5.1022,8557435,,full,https://doi.org/10.1093/ije/24.5.1022,,Manual retrieval required - no open-access source found
183,Maternal-infant transmission of HIV,"Mtimavalye L, Biggar RJ, Taha TE, Chiphangwi JD",1995,New England Journal of Medicine,,,,not_found,,,Not found in Crossref / PubMed
184,Malaria and low birth weight,"Gray RH, Taha TE",1995,American Journal of Epidemiology,10.1093/oxfordjournals.aje.a116861,8356970,,full,https://doi.org/10.1093/oxfordjournals.aje.a116861,,Manual retrieval required - no open-access source found
185,Distribution and determinants of low birth weight in Central Sudan,"Taha, TE, Gray RH, Abdelwahab MM, Abdelhafeez A",1995,Paediatric and Perinatal Epidemiology,10.1093/oxfordjournals.aje.a116861,8356970,,full,https://doi.org/10.1093/oxfordjournals.aje.a116861,,Manual retrieval required - no open-access source found
186,Childhood malaria parasitemia and human immunodeficiency virus infection in Malawi,"Taha TE, Canner JK, Dallabetta GA, Chiphangwi JD, Liomba G, Wangel A-M, Saah AJ, Miotti PG",1994,Transactions of the Royal Society of Tropical Medicine and Hygiene,10.1016/0035-9203(94)90277-1,8036659,,full,https://doi.org/10.1016/0035-9203(94)90277-1,,Manual retrieval required - no open-access source found
187,"An intervention to reduce the risk of mother-to-infant HIV transmission: Results of a pilot ""toxicity"" study","Taha TE, Justesen A, Paterson K, Mtimavalye LAR., Munthali P, Canner JK, Broadhead, RL, Chiphangwi JD, Miotti PG, Biggar RJ",1994,East African Medical Journal,,,,not_found,,,Not found in Crossref / PubMed
188,Levels and determinants of perinatal mortality in Central Sudan,"Taha TE, Gray RH, Abdelwahab MM, Abdelhafeez AR, Abdelsalam AB",1994,International Journal of Gynecology and Obstetrics,10.1016/0020-7292(94)90117-1,7915678,,full,https://doi.org/10.1016/0020-7292(94)90117-1,,Manual retrieval required - no open-access source found
189,Predictors of upper gastrointestinal bleeding in patients with schistosomal peri-portal fibrosis,"Eltom IA, Taha TE, Saad AM, Suliman SM, Bennett JL, Nash TE, Homeida MM",1994,British Journal of Surgery,,,,not_found,,,Not found in Crossref / PubMed
190,Research on human immunodeficiency virus (HIV) in Malawi: The Johns Hopkins University- Ministry of Health (JHU-MOH) Project,"Taha TE, Canner JK, Wangel A-M, Chiphangwi JD, Liomba G, Miotti PG, Dallabetta GA, Saah AJ",1994,Malawi Medical Journal,,,,not_found,,,Not found in Crossref / PubMed
191,Malaria and low birth weight in Central Sudan,"Taha TE, Gray RH, Mohamedani AA",1993,The American Journal of Epidemiology,10.1093/oxfordjournals.aje.a116861,8356970,,full,https://doi.org/10.1093/oxfordjournals.aje.a116861,,Manual retrieval required - no open-access source found
192,Malaria and perinatal mortality in Central Sudan,"Taha TE, Gray RH",1993,The American Journal of Epidemiology,10.1093/oxfordjournals.aje.a116896,8237979,,full,https://doi.org/10.1093/oxfordjournals.aje.a116896,,Manual retrieval required - no open-access source found
193,Agricultural pesticide exposure and perinatal mortality in Central Sudan,"Taha TE, Gray RH",1993,Bulletin of the World Health Organization,,,,not_found,,,Not found in Crossref / PubMed
194,Family planning practice in Central Sudan,Taha TE,1993,Social Science and Medicine,10.1016/0277-9536(93)90108-g,8211283,,full,https://doi.org/10.1016/0277-9536(93)90108-g,,Manual retrieval required - no open-access source found
195,Determinants of neonatal mortality in Central Sudan,"Taha TE, Gray RH, Abdelwahab, M.M",1993,Annals of Tropical Paediatrics,10.1080/02724936.1993.11747671,7506883,,full,https://doi.org/10.1080/02724936.1993.11747671,,Manual retrieval required - no open-access source found
196,Maternal and infant anthropometric measurements in Sudan,Taha TE,1993,East African Medical Journal,,,,not_found,,,Not found in Crossref / PubMed
197,Indicators for monitoring progress in maternal and child health care in Africa,"Wallace HM, Taha TE",1988,Journal of Tropical Paediatrics,10.1093/tropej/34.4.158,3172324,,partial,https://doi.org/10.1093/tropej/34.4.158,,Manual retrieval required - no open-access source found
198,"Morbidity patterns in a new paediatric hospital in Juba, Sudan","Taha TE, Abdelwahab MM, Wallace HM",1986,"Child: Care, Health and Development",10.1111/j.1365-2214.1986.tb00491.x,3731397,,full,https://doi.org/10.1111/j.1365-2214.1986.tb00491.x,,Manual retrieval required - no open-access source found
199,Comparative epidemiological study of malaria between children of Northern and Southern Sudan,"Taha TE, Broadhead RL",1986,Journal of Tropical Paediatrics,10.1093/tropej/32.3.117,3746999,,partial,https://doi.org/10.1093/tropej/32.3.117,,Manual retrieval required - no open-access source found
200,"Malaria in primary school children in Juba, southern Sudan","Taha TE, Broadhead RL",1986,East African Medical Journal,,,,not_found,,,Not found in Crossref / PubMed
